{
  "NORMAL": {
    "precision": 0.9887640449438202,
    "recall": 0.9322033898305084,
    "f1-score": 0.9596510359869138,
    "support": 472.0
  },
  "PNEUMONIA": {
    "precision": 0.9232613908872902,
    "recall": 0.9871794871794872,
    "f1-score": 0.9541511771995044,
    "support": 390.0
  },
  "accuracy": 0.95707656612529,
  "macro avg": {
    "precision": 0.9560127179155552,
    "recall": 0.9596914385049978,
    "f1-score": 0.9569011065932091,
    "support": 862.0
  },
  "weighted avg": {
    "precision": 0.9591282733869214,
    "recall": 0.95707656612529,
    "f1-score": 0.9571627008046751,
    "support": 862.0
  }
}