{
  "NORMAL": {
    "precision": 0.9457831325301205,
    "recall": 0.6709401709401709,
    "f1-score": 0.785,
    "support": 234.0
  },
  "PNEUMONIA": {
    "precision": 0.8318777292576419,
    "recall": 0.9769230769230769,
    "f1-score": 0.8985849056603774,
    "support": 390.0
  },
  "accuracy": 0.8621794871794872,
  "macro avg": {
    "precision": 0.8888304308938813,
    "recall": 0.8239316239316239,
    "f1-score": 0.8417924528301888,
    "support": 624.0
  },
  "weighted avg": {
    "precision": 0.8745922554848214,
    "recall": 0.8621794871794872,
    "f1-score": 0.8559905660377358,
    "support": 624.0
  }
}