{
  "NORMAL": {
    "precision": 0.989010989010989,
    "recall": 0.38461538461538464,
    "f1-score": 0.5538461538461539,
    "support": 234.0
  },
  "PNEUMONIA": {
    "precision": 0.7298311444652908,
    "recall": 0.9974358974358974,
    "f1-score": 0.8429035752979415,
    "support": 390.0
  },
  "accuracy": 0.7676282051282052,
  "macro avg": {
    "precision": 0.8594210667381399,
    "recall": 0.691025641025641,
    "f1-score": 0.6983748645720477,
    "support": 624.0
  },
  "weighted avg": {
    "precision": 0.8270235861699277,
    "recall": 0.7676282051282052,
    "f1-score": 0.734507042253521,
    "support": 624.0
  }
}