{
  "optimal_threshold": 0.44999999999999996,
  "fbeta_score": 0.9821170319279119
}